# cast string to vector
query I
SELECT '[1,2,3]'::vector;
----
[1, 2, 3]

statement error Bad character
SELECT '{1,2,3}'::vector;

# cast array to vector
query I
SELECT '{1,2,3}'::real[]::vector;
----
[1, 2, 3]

statement error cannot cast type double precision\[\] to vector
SELECT '{1,2,3}'::float[]::vector;

statement error cannot cast type integer\[\] to vector
SELECT ARRAY[1,2,3]::vector;

statement error cannot cast type numeric\[\] to vector
SELECT ARRAY[1.,2.,3.]::vector;

# cast vector to array
query I
SELECT '[1,2,3]'::vector::real[];
----
{1,2,3}

statement error cannot cast type vector to double precision\[\]
SELECT '[1,2,3]'::vector::float[];

statement error cannot cast type vector to integer\[\]
SELECT '[1,2,3]'::vector::int[];

statement error cannot cast type vector to numeric\[\]
SELECT '[1,2,3]'::vector::numeric[];

# cast unusual value to vector
statement error assertion failed: !array.contains_nulls()
SELECT '{NULL}'::real[]::vector;

query I
SELECT '{NaN, Infinity, -Infinity}'::real[]::vector;
----
[NaN, inf, -inf]

query I
SELECT '[3.4e38, -3.4e38, 3.5e38, -3.5e38]'::vector
----
[340000000000000000000000000000000000000, -340000000000000000000000000000000000000, inf, -inf]

statement error assertion failed: !array.is_empty()
SELECT '{}'::real[]::vector;

statement error dimensions of the vector are among 1 and 65535.
SELECT '[]'::vector;

# parse all kinds of string
statement error Bad sequence
SELECT '[1,2,3'::vector;

statement error Bad character
SELECT '[1,2,3]9'::vector;

statement error Bad character
SELECT '1,2,3'::vector;

statement error Bad sequence
SELECT ''::vector;

statement error Bad sequence
SELECT '['::vector;

statement error Expect a number
SELECT '[,'::vector;

query I
SELECT '[1,]'::vector;
----
[1]

statement error Bad number
SELECT '[1a]'::vector;

statement error Expect a number
SELECT '[1,,3]'::vector;

statement error Expect a number
SELECT '[1, ,3]'::vector;

# cast large array to vector
statement ok
SELECT array_agg(n)::real[]::vector FROM generate_series(1, 16001) n;

# vector array
query I
SELECT unnest('{"[1,2,3]", "[4,5,6]"}'::vector[]);
----
[1, 2, 3]
[4, 5, 6]

query I
SELECT '{"[1,2,3]"}'::vector[];
----
{"[1, 2, 3]"}